,count,mean,std,min,25%,50%,75%,max,mediana,faltantes,porcentaje_faltante
PM25,206858.0,20.150953794390354,12.548452494269933,1.0,11.0,18.0,26.0,312.0,18.0,0,0.0
TMP,119968.0,17.973352894105098,5.166085214272047,-2.5,14.5,17.6,21.5,35.9,17.6,86890,42.0
RH,150004.0,50.870003466574225,22.76902659050705,0.0,33.0,50.0,70.0,100.0,50.0,56854,27.48
WSP,136582.0,2.022457278411504,1.2481658060585639,0.0,1.12,1.8,2.6,11.1,1.8,70276,33.97
WDR,136584.0,169.50095911673404,112.63148903973456,0.0,64.0,162.0,270.0,360.0,162.0,70274,33.97
alt,206858.0,2338.7685803788104,198.24986007043304,2221.0,2234.0,2249.0,2311.0,3082.0,2249.0,0,0.0
